{
  "jobs": [
    {
      "id": "1",
      "title": "シニアReact開発者",
      "type": "フルタイム",
      "description": "私たちは、マサチューセッツ州ボストンのチームに加わる才能あるフロントエンド開発者を求めています。理想的な候補者は、HTML、CSS、JavaScript に優れたスキルを持ち、React や Angular などの最新の JavaScript フレームワークの使用経験がある人です。",
      "location": "東京, 日本",
      "salary": "70~75万円",
      "company": {
        "name": "ニューテックソリューションズ",
        "description": "ニューテックソリューションズは、Web 開発とデジタル ソリューションを専門とする大手テクノロジー企業です。当社は、協力的で革新的な作業環境を育みながら、お客様に高品質の製品とサービスを提供することに誇りを持っています。",
        "contactEmail": "contact@teksolutions.com",
        "contactPhone": "555-555-5555"
      }
    },
    {
      "id": "2",
      "title": "フロントエンドエンジニア (React & Redux)",
      "type": "フルタイム",
      "location": "マイアミ, FL",
      "description": "私たちのチームには、日差しの良いマイアミでフロントエンド開発者として参加してください。美しいレスポンシブな Web アプリケーションを作る情熱を持つモチベーションのある個人を求めています。UI/UX デザイン原則と細部への強い注意が求められます。",
      "salary": "70~75万円",
      "company": {
        "name": "ヴェニアーソリューションズ",
        "description": "ヴェニアーソリューションズは、デジタルデザインと開発を専門とするクリエイティブエージェンシーです。私たちのチームは、クリエイティビティとイノベーションの境界を押し広げ、クライアントのために卓越した結果を提供することに専念しています。",
        "contactEmail": "contact@loremipsum.com",
        "contactPhone": "555-555-5555"
      }
    },
    {
      "id": "3",
      "title": "React.js 開発者",
      "type": "フルタイム",
      "location": "ブルックリン, NY",
      "description": "フロントエンド開発に情熱を持っていますか？私たちのチームに参加して、エキサイティングなプロジェクトに取り組みましょう。競争力のある報酬とアイデアが尊重される協力的な作業環境を提供します。",
      "salary": "70~75万円",
      "company": {
        "name": "ドロルクラウド",
        "description": "ドロルクラウドは、あらゆる規模のビジネス向けのデジタルソリューションに特化したテクノロジー企業のリーディングカンパニーです。イノベーションと顧客満足を重視し、先端の製品とサービスを提供することに取り組んでいます。",
        "contactEmail": "contact@dolorsitamet.com",
        "contactPhone": "555-555-5555"
      }
    },
    {
      "id": "4",
      "title": "React フロントエンド開発者",
      "type": "パートタイム",
      "description": "美しいフェニックス、AZ でパートタイムのフロントエンド開発者として私たちのチームに参加しませんか？自己推進力のある個人を求めています。柔軟な勤務時間とリモートでの作業の機会を提供します。",
      "location": "フェニックス, AZ",
      "salary": "70~75万円",
      "company": {
        "name": "アルファエリート",
        "description": "アルファエリートは、デジタルマーケティングと Web 開発に特化したダイナミックなスタートアップ企業です。クリエイティビティとイノベーションが活躍する多様で包括的な職場環境の育成に取り組んでいます。",
        "contactEmail": "contact@adipisicingelit.com",
        "contactPhone": "555-555-5555"
      }
    },
    {
      "id": "5",
      "title": "フルスタック React 開発者",
      "type": "フルタイム",
      "description": "活気あるアトランタ、GA でフルタイムのフロントエンド開発者としてのエキサイティングな機会です。エレガントでスケーラブルな Web アプリケーションを構築する情熱を持つ才能ある個人を求めています。私たちのチームに参加して、成果を出しましょう！",
      "location": "アトランタ, GA",
      "salary": "70~75万円",
      "company": {
        "name": "ブローニングテクノロジーズ",
        "description": "ブローニングテクノロジーズは、急成長しているテクノロジーカンパニーで、e コマースソリューションに特化しています。創造的で革新的な思考が奨励されるダイナミックで協力的な作業環境を提供します。",
        "contactEmail": "contact@consecteturadipisicing.com",
        "contactPhone": "555-555-5555"
      }
    },
    {
      "id": "6",
      "title": "React Native 開発者",
      "type": "フルタイム",
      "description": "美しいポートランド、OR でフロントエンド開発者として私たちのチームに参加しませんか？革新的な Web ソリューションの創造に力を貸してくれる熟練した熱心な個人を求めています。競争力のある給与と素晴らしい福利厚生パッケージが用意されています。",
      "location": "ポートランド, OR",
      "salary": "70~75万円",
      "company": {
        "name": "ポートソリューションズINC",
        "description": "ポートソリューションズは、ソフトウェア開発とデジタルマーケティングに特化した先進的なテクノロジーカンパニーです。クライアントに先端のソリューションを提供することと、従業員にサポートと報酬のある働きやすい環境を提供することにコミットしています。",
        "contactEmail": "contact@ipsumlorem.com",
        "contactPhone": "555-555-5555"
      }
    }
  ]
}
